Country,Region
Afghanistan,Asia
Afghanistan,Asia
Afghanistan,Asia
Afghanistan,Asia
Afghanistan,Asia
Afghanistan,Asia
Albania,Europe
Albania,Europe
Albania,Europe
Albania,Europe
Albania,Europe
Albania,Europe
Algeria,Africa
Algeria,Africa
Algeria,Africa
Algeria,Africa
Algeria,Africa
Algeria,Africa
American Samoa,Oceania
American Samoa,Oceania
American Samoa,Oceania
American Samoa,Oceania
American Samoa,Oceania
American Samoa,Oceania
Andorra,Europe
Andorra,Europe
Andorra,Europe
Andorra,Europe
Andorra,Europe
Andorra,Europe
Angola,Africa
Angola,Africa
Angola,Africa
Angola,Africa
Angola,Africa
Angola,Africa
Antigua and Barbuda,The Americas
Antigua and Barbuda,The Americas
Antigua and Barbuda,The Americas
Antigua and Barbuda,The Americas
Antigua and Barbuda,The Americas
Antigua and Barbuda,The Americas
Argentina,The Americas
Argentina,The Americas
Argentina,The Americas
Argentina,The Americas
Argentina,The Americas
Argentina,The Americas
Armenia,Asia
Armenia,Asia
Armenia,Asia
Armenia,Asia
Armenia,Asia
Armenia,Asia
Aruba,The Americas
Aruba,The Americas
Aruba,The Americas
Aruba,The Americas
Aruba,The Americas
Aruba,The Americas
Australia,Oceania
Australia,Oceania
Australia,Oceania
Australia,Oceania
Australia,Oceania
Australia,Oceania
Austria,Europe
Austria,Europe
Austria,Europe
Austria,Europe
Austria,Europe
Austria,Europe
Azerbaijan,Asia
Azerbaijan,Asia
Azerbaijan,Asia
Azerbaijan,Asia
Azerbaijan,Asia
Azerbaijan,Asia
"Bahamas, The",The Americas
"Bahamas, The",The Americas
"Bahamas, The",The Americas
"Bahamas, The",The Americas
"Bahamas, The",The Americas
"Bahamas, The",The Americas
Bahrain,Middle East
Bahrain,Middle East
Bahrain,Middle East
Bahrain,Middle East
Bahrain,Middle East
Bahrain,Middle East
Bangladesh,Asia
Bangladesh,Asia
Bangladesh,Asia
Bangladesh,Asia
Bangladesh,Asia
Bangladesh,Asia
Barbados,The Americas
Barbados,The Americas
Barbados,The Americas
Barbados,The Americas
Barbados,The Americas
Barbados,The Americas
Belarus,Europe
Belarus,Europe
Belarus,Europe
Belarus,Europe
Belarus,Europe
Belarus,Europe
Belgium,Europe
Belgium,Europe
Belgium,Europe
Belgium,Europe
Belgium,Europe
Belgium,Europe
Belize,The Americas
Belize,The Americas
Belize,The Americas
Belize,The Americas
Belize,The Americas
Belize,The Americas
Benin,Africa
Benin,Africa
Benin,Africa
Benin,Africa
Benin,Africa
Benin,Africa
Bermuda,The Americas
Bermuda,The Americas
Bermuda,The Americas
Bermuda,The Americas
Bermuda,The Americas
Bermuda,The Americas
Bhutan,Asia
Bhutan,Asia
Bhutan,Asia
Bhutan,Asia
Bhutan,Asia
Bhutan,Asia
Bolivia,The Americas
Bolivia,The Americas
Bolivia,The Americas
Bolivia,The Americas
Bolivia,The Americas
Bolivia,The Americas
Bosnia and Herzegovina,Europe
Bosnia and Herzegovina,Europe
Bosnia and Herzegovina,Europe
Bosnia and Herzegovina,Europe
Bosnia and Herzegovina,Europe
Bosnia and Herzegovina,Europe
Botswana,Africa
Botswana,Africa
Botswana,Africa
Botswana,Africa
Botswana,Africa
Botswana,Africa
Brazil,The Americas
Brazil,The Americas
Brazil,The Americas
Brazil,The Americas
Brazil,The Americas
Brazil,The Americas
Brunei Darussalam,Asia
Brunei Darussalam,Asia
Brunei Darussalam,Asia
Brunei Darussalam,Asia
Brunei Darussalam,Asia
Brunei Darussalam,Asia
Bulgaria,Europe
Bulgaria,Europe
Bulgaria,Europe
Bulgaria,Europe
Bulgaria,Europe
Bulgaria,Europe
Burkina Faso,Africa
Burkina Faso,Africa
Burkina Faso,Africa
Burkina Faso,Africa
Burkina Faso,Africa
Burkina Faso,Africa
Burundi,Africa
Burundi,Africa
Burundi,Africa
Burundi,Africa
Burundi,Africa
Burundi,Africa
Cambodia,Asia
Cambodia,Asia
Cambodia,Asia
Cambodia,Asia
Cambodia,Asia
Cambodia,Asia
Cameroon,Africa
Cameroon,Africa
Cameroon,Africa
Cameroon,Africa
Cameroon,Africa
Cameroon,Africa
Canada,The Americas
Canada,The Americas
Canada,The Americas
Canada,The Americas
Canada,The Americas
Canada,The Americas
Cayman Islands,The Americas
Cayman Islands,The Americas
Cayman Islands,The Americas
Cayman Islands,The Americas
Cayman Islands,The Americas
Cayman Islands,The Americas
Central African Republic,Africa
Central African Republic,Africa
Central African Republic,Africa
Central African Republic,Africa
Central African Republic,Africa
Central African Republic,Africa
Chad,Africa
Chad,Africa
Chad,Africa
Chad,Africa
Chad,Africa
Chad,Africa
Chile,The Americas
Chile,The Americas
Chile,The Americas
Chile,The Americas
Chile,The Americas
Chile,The Americas
China,Asia
China,Asia
China,Asia
China,Asia
China,Asia
China,Asia
Colombia,The Americas
Colombia,The Americas
Colombia,The Americas
Colombia,The Americas
Colombia,The Americas
Colombia,The Americas
Comoros,Africa
Comoros,Africa
Comoros,Africa
Comoros,Africa
Comoros,Africa
Comoros,Africa
"Congo, Dem. Rep.",Africa
"Congo, Dem. Rep.",Africa
"Congo, Dem. Rep.",Africa
"Congo, Dem. Rep.",Africa
"Congo, Dem. Rep.",Africa
"Congo, Dem. Rep.",Africa
"Congo, Rep.",Africa
"Congo, Rep.",Africa
"Congo, Rep.",Africa
"Congo, Rep.",Africa
"Congo, Rep.",Africa
"Congo, Rep.",Africa
Costa Rica,The Americas
Costa Rica,The Americas
Costa Rica,The Americas
Costa Rica,The Americas
Costa Rica,The Americas
Costa Rica,The Americas
Cote d'Ivoire,Africa
Cote d'Ivoire,Africa
Cote d'Ivoire,Africa
Cote d'Ivoire,Africa
Cote d'Ivoire,Africa
Cote d'Ivoire,Africa
Croatia,Europe
Croatia,Europe
Croatia,Europe
Croatia,Europe
Croatia,Europe
Croatia,Europe
Cuba,The Americas
Cuba,The Americas
Cuba,The Americas
Cuba,The Americas
Cuba,The Americas
Cuba,The Americas
Curacao,The Americas
Curacao,The Americas
Curacao,The Americas
Curacao,The Americas
Curacao,The Americas
Curacao,The Americas
Cyprus,Europe
Cyprus,Europe
Cyprus,Europe
Cyprus,Europe
Cyprus,Europe
Cyprus,Europe
Czech Republic,Europe
Czech Republic,Europe
Czech Republic,Europe
Czech Republic,Europe
Czech Republic,Europe
Czech Republic,Europe
Denmark,Europe
Denmark,Europe
Denmark,Europe
Denmark,Europe
Denmark,Europe
Denmark,Europe
Djibouti,Africa
Djibouti,Africa
Djibouti,Africa
Djibouti,Africa
Djibouti,Africa
Djibouti,Africa
Dominica,The Americas
Dominica,The Americas
Dominica,The Americas
Dominica,The Americas
Dominica,The Americas
Dominica,The Americas
Dominican Republic,The Americas
Dominican Republic,The Americas
Dominican Republic,The Americas
Dominican Republic,The Americas
Dominican Republic,The Americas
Dominican Republic,The Americas
Ecuador,The Americas
Ecuador,The Americas
Ecuador,The Americas
Ecuador,The Americas
Ecuador,The Americas
Ecuador,The Americas
"Egypt, Arab Rep.",Africa
"Egypt, Arab Rep.",Africa
"Egypt, Arab Rep.",Africa
"Egypt, Arab Rep.",Africa
"Egypt, Arab Rep.",Africa
"Egypt, Arab Rep.",Africa
El Salvador,The Americas
El Salvador,The Americas
El Salvador,The Americas
El Salvador,The Americas
El Salvador,The Americas
El Salvador,The Americas
Equatorial Guinea,Africa
Equatorial Guinea,Africa
Equatorial Guinea,Africa
Equatorial Guinea,Africa
Equatorial Guinea,Africa
Equatorial Guinea,Africa
Eritrea,Africa
Eritrea,Africa
Eritrea,Africa
Eritrea,Africa
Eritrea,Africa
Eritrea,Africa
Estonia,Europe
Estonia,Europe
Estonia,Europe
Estonia,Europe
Estonia,Europe
Estonia,Europe
Ethiopia,Africa
Ethiopia,Africa
Ethiopia,Africa
Ethiopia,Africa
Ethiopia,Africa
Ethiopia,Africa
Fiji,Oceania
Fiji,Oceania
Fiji,Oceania
Fiji,Oceania
Fiji,Oceania
Fiji,Oceania
Finland,Europe
Finland,Europe
Finland,Europe
Finland,Europe
Finland,Europe
Finland,Europe
France,Europe
France,Europe
France,Europe
France,Europe
France,Europe
France,Europe
French Polynesia,Oceania
French Polynesia,Oceania
French Polynesia,Oceania
French Polynesia,Oceania
French Polynesia,Oceania
French Polynesia,Oceania
Gabon,Africa
Gabon,Africa
Gabon,Africa
Gabon,Africa
Gabon,Africa
Gabon,Africa
"Gambia, The",Africa
"Gambia, The",Africa
"Gambia, The",Africa
"Gambia, The",Africa
"Gambia, The",Africa
"Gambia, The",Africa
Georgia,Asia
Georgia,Asia
Georgia,Asia
Georgia,Asia
Georgia,Asia
Georgia,Asia
Germany,Europe
Germany,Europe
Germany,Europe
Germany,Europe
Germany,Europe
Germany,Europe
Ghana,Africa
Ghana,Africa
Ghana,Africa
Ghana,Africa
Ghana,Africa
Ghana,Africa
Greece,Europe
Greece,Europe
Greece,Europe
Greece,Europe
Greece,Europe
Greece,Europe
Greenland,The Americas
Greenland,The Americas
Greenland,The Americas
Greenland,The Americas
Greenland,The Americas
Greenland,The Americas
Grenada,The Americas
Grenada,The Americas
Grenada,The Americas
Grenada,The Americas
Grenada,The Americas
Grenada,The Americas
Guam,Oceania
Guam,Oceania
Guam,Oceania
Guam,Oceania
Guam,Oceania
Guam,Oceania
Guatemala,The Americas
Guatemala,The Americas
Guatemala,The Americas
Guatemala,The Americas
Guatemala,The Americas
Guatemala,The Americas
Guinea,Africa
Guinea,Africa
Guinea,Africa
Guinea,Africa
Guinea,Africa
Guinea,Africa
Guinea-Bissau,Africa
Guinea-Bissau,Africa
Guinea-Bissau,Africa
Guinea-Bissau,Africa
Guinea-Bissau,Africa
Guinea-Bissau,Africa
Guyana,The Americas
Guyana,The Americas
Guyana,The Americas
Guyana,The Americas
Guyana,The Americas
Guyana,The Americas
Haiti,The Americas
Haiti,The Americas
Haiti,The Americas
Haiti,The Americas
Haiti,The Americas
Haiti,The Americas
Honduras,The Americas
Honduras,The Americas
Honduras,The Americas
Honduras,The Americas
Honduras,The Americas
Honduras,The Americas
"Hong Kong SAR, China",Asia
"Hong Kong SAR, China",Asia
"Hong Kong SAR, China",Asia
"Hong Kong SAR, China",Asia
"Hong Kong SAR, China",Asia
"Hong Kong SAR, China",Asia
Hungary,Europe
Hungary,Europe
Hungary,Europe
Hungary,Europe
Hungary,Europe
Hungary,Europe
Iceland,Europe
Iceland,Europe
Iceland,Europe
Iceland,Europe
Iceland,Europe
Iceland,Europe
India,Asia
India,Asia
India,Asia
India,Asia
India,Asia
India,Asia
Indonesia,Asia
Indonesia,Asia
Indonesia,Asia
Indonesia,Asia
Indonesia,Asia
Indonesia,Asia
"Iran, Islamic Rep.",Middle East
"Iran, Islamic Rep.",Middle East
"Iran, Islamic Rep.",Middle East
"Iran, Islamic Rep.",Middle East
"Iran, Islamic Rep.",Middle East
"Iran, Islamic Rep.",Middle East
Iraq,Middle East
Iraq,Middle East
Iraq,Middle East
Iraq,Middle East
Iraq,Middle East
Iraq,Middle East
Ireland,Europe
Ireland,Europe
Ireland,Europe
Ireland,Europe
Ireland,Europe
Ireland,Europe
Isle of Man,Europe
Isle of Man,Europe
Isle of Man,Europe
Isle of Man,Europe
Isle of Man,Europe
Isle of Man,Europe
Israel,Middle East
Israel,Middle East
Israel,Middle East
Israel,Middle East
Israel,Middle East
Israel,Middle East
Italy,Europe
Italy,Europe
Italy,Europe
Italy,Europe
Italy,Europe
Italy,Europe
Jamaica,The Americas
Jamaica,The Americas
Jamaica,The Americas
Jamaica,The Americas
Jamaica,The Americas
Jamaica,The Americas
Japan,Asia
Japan,Asia
Japan,Asia
Japan,Asia
Japan,Asia
Japan,Asia
Jordan,Middle East
Jordan,Middle East
Jordan,Middle East
Jordan,Middle East
Jordan,Middle East
Jordan,Middle East
Kazakhstan,Asia
Kazakhstan,Asia
Kazakhstan,Asia
Kazakhstan,Asia
Kazakhstan,Asia
Kazakhstan,Asia
Kenya,Africa
Kenya,Africa
Kenya,Africa
Kenya,Africa
Kenya,Africa
Kenya,Africa
Kiribati,Oceania
Kiribati,Oceania
Kiribati,Oceania
Kiribati,Oceania
Kiribati,Oceania
Kiribati,Oceania
"Korea, Rep.",Asia
"Korea, Rep.",Asia
"Korea, Rep.",Asia
"Korea, Rep.",Asia
"Korea, Rep.",Asia
"Korea, Rep.",Asia
Kosovo,Europe
Kosovo,Europe
Kosovo,Europe
Kosovo,Europe
Kosovo,Europe
Kosovo,Europe
Kuwait,Middle East
Kuwait,Middle East
Kuwait,Middle East
Kuwait,Middle East
Kuwait,Middle East
Kuwait,Middle East
Kyrgyz Republic,Asia
Kyrgyz Republic,Asia
Kyrgyz Republic,Asia
Kyrgyz Republic,Asia
Kyrgyz Republic,Asia
Kyrgyz Republic,Asia
Lao PDR,Asia
Lao PDR,Asia
Lao PDR,Asia
Lao PDR,Asia
Lao PDR,Asia
Lao PDR,Asia
Latvia,Europe
Latvia,Europe
Latvia,Europe
Latvia,Europe
Latvia,Europe
Latvia,Europe
Lebanon,Middle East
Lebanon,Middle East
Lebanon,Middle East
Lebanon,Middle East
Lebanon,Middle East
Lebanon,Middle East
Lesotho,Africa
Lesotho,Africa
Lesotho,Africa
Lesotho,Africa
Lesotho,Africa
Lesotho,Africa
Liberia,Africa
Liberia,Africa
Liberia,Africa
Liberia,Africa
Liberia,Africa
Liberia,Africa
Libya,Africa
Libya,Africa
Libya,Africa
Libya,Africa
Libya,Africa
Libya,Africa
Liechtenstein,Europe
Liechtenstein,Europe
Liechtenstein,Europe
Liechtenstein,Europe
Liechtenstein,Europe
Liechtenstein,Europe
Lithuania,Europe
Lithuania,Europe
Lithuania,Europe
Lithuania,Europe
Lithuania,Europe
Lithuania,Europe
Luxembourg,Europe
Luxembourg,Europe
Luxembourg,Europe
Luxembourg,Europe
Luxembourg,Europe
Luxembourg,Europe
"Macao SAR, China",Asia
"Macao SAR, China",Asia
"Macao SAR, China",Asia
"Macao SAR, China",Asia
"Macao SAR, China",Asia
"Macao SAR, China",Asia
"Macedonia, FYR",Europe
"Macedonia, FYR",Europe
"Macedonia, FYR",Europe
"Macedonia, FYR",Europe
"Macedonia, FYR",Europe
"Macedonia, FYR",Europe
Madagascar,Africa
Madagascar,Africa
Madagascar,Africa
Madagascar,Africa
Madagascar,Africa
Madagascar,Africa
Malawi,Africa
Malawi,Africa
Malawi,Africa
Malawi,Africa
Malawi,Africa
Malawi,Africa
Malaysia,Asia
Malaysia,Asia
Malaysia,Asia
Malaysia,Asia
Malaysia,Asia
Malaysia,Asia
Maldives,Asia
Maldives,Asia
Maldives,Asia
Maldives,Asia
Maldives,Asia
Maldives,Asia
Mali,Africa
Mali,Africa
Mali,Africa
Mali,Africa
Mali,Africa
Mali,Africa
Malta,Europe
Malta,Europe
Malta,Europe
Malta,Europe
Malta,Europe
Malta,Europe
Marshall Islands,Oceania
Marshall Islands,Oceania
Marshall Islands,Oceania
Marshall Islands,Oceania
Marshall Islands,Oceania
Marshall Islands,Oceania
Mauritania,Africa
Mauritania,Africa
Mauritania,Africa
Mauritania,Africa
Mauritania,Africa
Mauritania,Africa
Mauritius,Africa
Mauritius,Africa
Mauritius,Africa
Mauritius,Africa
Mauritius,Africa
Mauritius,Africa
Mexico,The Americas
Mexico,The Americas
Mexico,The Americas
Mexico,The Americas
Mexico,The Americas
Mexico,The Americas
"Micronesia, Fed. Sts.",Oceania
"Micronesia, Fed. Sts.",Oceania
"Micronesia, Fed. Sts.",Oceania
"Micronesia, Fed. Sts.",Oceania
"Micronesia, Fed. Sts.",Oceania
"Micronesia, Fed. Sts.",Oceania
Moldova,Europe
Moldova,Europe
Moldova,Europe
Moldova,Europe
Moldova,Europe
Moldova,Europe
Monaco,Europe
Monaco,Europe
Monaco,Europe
Monaco,Europe
Monaco,Europe
Monaco,Europe
Mongolia,Asia
Mongolia,Asia
Mongolia,Asia
Mongolia,Asia
Mongolia,Asia
Mongolia,Asia
Montenegro,Europe
Montenegro,Europe
Montenegro,Europe
Montenegro,Europe
Montenegro,Europe
Montenegro,Europe
Morocco,Africa
Morocco,Africa
Morocco,Africa
Morocco,Africa
Morocco,Africa
Morocco,Africa
Mozambique,Africa
Mozambique,Africa
Mozambique,Africa
Mozambique,Africa
Mozambique,Africa
Mozambique,Africa
Myanmar,Asia
Myanmar,Asia
Myanmar,Asia
Myanmar,Asia
Myanmar,Asia
Myanmar,Asia
Namibia,Africa
Namibia,Africa
Namibia,Africa
Namibia,Africa
Namibia,Africa
Namibia,Africa
Nepal,Asia
Nepal,Asia
Nepal,Asia
Nepal,Asia
Nepal,Asia
Nepal,Asia
Netherlands,Europe
Netherlands,Europe
Netherlands,Europe
Netherlands,Europe
Netherlands,Europe
Netherlands,Europe
New Caledonia,Oceania
New Caledonia,Oceania
New Caledonia,Oceania
New Caledonia,Oceania
New Caledonia,Oceania
New Caledonia,Oceania
New Zealand,Oceania
New Zealand,Oceania
New Zealand,Oceania
New Zealand,Oceania
New Zealand,Oceania
New Zealand,Oceania
Nicaragua,The Americas
Nicaragua,The Americas
Nicaragua,The Americas
Nicaragua,The Americas
Nicaragua,The Americas
Nicaragua,The Americas
Niger,Africa
Niger,Africa
Niger,Africa
Niger,Africa
Niger,Africa
Niger,Africa
Nigeria,Africa
Nigeria,Africa
Nigeria,Africa
Nigeria,Africa
Nigeria,Africa
Nigeria,Africa
Norway,Europe
Norway,Europe
Norway,Europe
Norway,Europe
Norway,Europe
Norway,Europe
Oman,Middle East
Oman,Middle East
Oman,Middle East
Oman,Middle East
Oman,Middle East
Oman,Middle East
Pakistan,Asia
Pakistan,Asia
Pakistan,Asia
Pakistan,Asia
Pakistan,Asia
Pakistan,Asia
Panama,The Americas
Panama,The Americas
Panama,The Americas
Panama,The Americas
Panama,The Americas
Panama,The Americas
Papua New Guinea,Oceania
Papua New Guinea,Oceania
Papua New Guinea,Oceania
Papua New Guinea,Oceania
Papua New Guinea,Oceania
Papua New Guinea,Oceania
Paraguay,The Americas
Paraguay,The Americas
Paraguay,The Americas
Paraguay,The Americas
Paraguay,The Americas
Paraguay,The Americas
Peru,The Americas
Peru,The Americas
Peru,The Americas
Peru,The Americas
Peru,The Americas
Peru,The Americas
Philippines,Asia
Philippines,Asia
Philippines,Asia
Philippines,Asia
Philippines,Asia
Philippines,Asia
Poland,Europe
Poland,Europe
Poland,Europe
Poland,Europe
Poland,Europe
Poland,Europe
Portugal,Europe
Portugal,Europe
Portugal,Europe
Portugal,Europe
Portugal,Europe
Portugal,Europe
Puerto Rico,The Americas
Puerto Rico,The Americas
Puerto Rico,The Americas
Puerto Rico,The Americas
Puerto Rico,The Americas
Puerto Rico,The Americas
Qatar,Middle East
Qatar,Middle East
Qatar,Middle East
Qatar,Middle East
Qatar,Middle East
Qatar,Middle East
Romania,Europe
Romania,Europe
Romania,Europe
Romania,Europe
Romania,Europe
Romania,Europe
Russian Federation,Europe
Russian Federation,Europe
Russian Federation,Europe
Russian Federation,Europe
Russian Federation,Europe
Russian Federation,Europe
Rwanda,Africa
Rwanda,Africa
Rwanda,Africa
Rwanda,Africa
Rwanda,Africa
Rwanda,Africa
Samoa,Oceania
Samoa,Oceania
Samoa,Oceania
Samoa,Oceania
Samoa,Oceania
Samoa,Oceania
San Marino,Europe
San Marino,Europe
San Marino,Europe
San Marino,Europe
San Marino,Europe
San Marino,Europe
Sao Tome and Principe,Africa
Sao Tome and Principe,Africa
Sao Tome and Principe,Africa
Sao Tome and Principe,Africa
Sao Tome and Principe,Africa
Sao Tome and Principe,Africa
Saudi Arabia,Middle East
Saudi Arabia,Middle East
Saudi Arabia,Middle East
Saudi Arabia,Middle East
Saudi Arabia,Middle East
Saudi Arabia,Middle East
Senegal,Africa
Senegal,Africa
Senegal,Africa
Senegal,Africa
Senegal,Africa
Senegal,Africa
Serbia,Europe
Serbia,Europe
Serbia,Europe
Serbia,Europe
Serbia,Europe
Serbia,Europe
Seychelles,Africa
Seychelles,Africa
Seychelles,Africa
Seychelles,Africa
Seychelles,Africa
Seychelles,Africa
Sierra Leone,Africa
Sierra Leone,Africa
Sierra Leone,Africa
Sierra Leone,Africa
Sierra Leone,Africa
Sierra Leone,Africa
Singapore,Asia
Singapore,Asia
Singapore,Asia
Singapore,Asia
Singapore,Asia
Singapore,Asia
Sint Maarten (Dutch part),The Americas
Sint Maarten (Dutch part),The Americas
Sint Maarten (Dutch part),The Americas
Sint Maarten (Dutch part),The Americas
Sint Maarten (Dutch part),The Americas
Sint Maarten (Dutch part),The Americas
Slovak Republic,Europe
Slovak Republic,Europe
Slovak Republic,Europe
Slovak Republic,Europe
Slovak Republic,Europe
Slovak Republic,Europe
Slovenia,Europe
Slovenia,Europe
Slovenia,Europe
Slovenia,Europe
Slovenia,Europe
Slovenia,Europe
Solomon Islands,Oceania
Solomon Islands,Oceania
Solomon Islands,Oceania
Solomon Islands,Oceania
Solomon Islands,Oceania
Solomon Islands,Oceania
Somalia,Africa
Somalia,Africa
Somalia,Africa
Somalia,Africa
Somalia,Africa
Somalia,Africa
South Africa,Africa
South Africa,Africa
South Africa,Africa
South Africa,Africa
South Africa,Africa
South Africa,Africa
South Sudan,Africa
South Sudan,Africa
South Sudan,Africa
South Sudan,Africa
South Sudan,Africa
South Sudan,Africa
Spain,Europe
Spain,Europe
Spain,Europe
Spain,Europe
Spain,Europe
Spain,Europe
Sri Lanka,Asia
Sri Lanka,Asia
Sri Lanka,Asia
Sri Lanka,Asia
Sri Lanka,Asia
Sri Lanka,Asia
St. Kitts and Nevis,The Americas
St. Kitts and Nevis,The Americas
St. Kitts and Nevis,The Americas
St. Kitts and Nevis,The Americas
St. Kitts and Nevis,The Americas
St. Kitts and Nevis,The Americas
St. Lucia,The Americas
St. Lucia,The Americas
St. Lucia,The Americas
St. Lucia,The Americas
St. Lucia,The Americas
St. Lucia,The Americas
St. Martin (French part),The Americas
St. Martin (French part),The Americas
St. Martin (French part),The Americas
St. Martin (French part),The Americas
St. Martin (French part),The Americas
St. Martin (French part),The Americas
St. Vincent and the Grenadines,The Americas
St. Vincent and the Grenadines,The Americas
St. Vincent and the Grenadines,The Americas
St. Vincent and the Grenadines,The Americas
St. Vincent and the Grenadines,The Americas
St. Vincent and the Grenadines,The Americas
Sudan,Africa
Sudan,Africa
Sudan,Africa
Sudan,Africa
Sudan,Africa
Sudan,Africa
Suriname,The Americas
Suriname,The Americas
Suriname,The Americas
Suriname,The Americas
Suriname,The Americas
Suriname,The Americas
Swaziland,Africa
Swaziland,Africa
Swaziland,Africa
Swaziland,Africa
Swaziland,Africa
Swaziland,Africa
Sweden,Europe
Sweden,Europe
Sweden,Europe
Sweden,Europe
Sweden,Europe
Sweden,Europe
Switzerland,Europe
Switzerland,Europe
Switzerland,Europe
Switzerland,Europe
Switzerland,Europe
Switzerland,Europe
Syrian Arab Republic,Middle East
Syrian Arab Republic,Middle East
Syrian Arab Republic,Middle East
Syrian Arab Republic,Middle East
Syrian Arab Republic,Middle East
Syrian Arab Republic,Middle East
Tajikistan,Asia
Tajikistan,Asia
Tajikistan,Asia
Tajikistan,Asia
Tajikistan,Asia
Tajikistan,Asia
Tanzania,Africa
Tanzania,Africa
Tanzania,Africa
Tanzania,Africa
Tanzania,Africa
Tanzania,Africa
Thailand,Asia
Thailand,Asia
Thailand,Asia
Thailand,Asia
Thailand,Asia
Thailand,Asia
Timor-Leste,Asia
Timor-Leste,Asia
Timor-Leste,Asia
Timor-Leste,Asia
Timor-Leste,Asia
Timor-Leste,Asia
Togo,Africa
Togo,Africa
Togo,Africa
Togo,Africa
Togo,Africa
Togo,Africa
Tonga,Oceania
Tonga,Oceania
Tonga,Oceania
Tonga,Oceania
Tonga,Oceania
Tonga,Oceania
Trinidad and Tobago,The Americas
Trinidad and Tobago,The Americas
Trinidad and Tobago,The Americas
Trinidad and Tobago,The Americas
Trinidad and Tobago,The Americas
Trinidad and Tobago,The Americas
Tunisia,Africa
Tunisia,Africa
Tunisia,Africa
Tunisia,Africa
Tunisia,Africa
Tunisia,Africa
Turkey,Europe
Turkey,Europe
Turkey,Europe
Turkey,Europe
Turkey,Europe
Turkey,Europe
Turkmenistan,Asia
Turkmenistan,Asia
Turkmenistan,Asia
Turkmenistan,Asia
Turkmenistan,Asia
Turkmenistan,Asia
Turks and Caicos Islands,The Americas
Turks and Caicos Islands,The Americas
Turks and Caicos Islands,The Americas
Turks and Caicos Islands,The Americas
Turks and Caicos Islands,The Americas
Turks and Caicos Islands,The Americas
Uganda,Africa
Uganda,Africa
Uganda,Africa
Uganda,Africa
Uganda,Africa
Uganda,Africa
Ukraine,Europe
Ukraine,Europe
Ukraine,Europe
Ukraine,Europe
Ukraine,Europe
Ukraine,Europe
United Arab Emirates,Middle East
United Arab Emirates,Middle East
United Arab Emirates,Middle East
United Arab Emirates,Middle East
United Arab Emirates,Middle East
United Arab Emirates,Middle East
United Kingdom,Europe
United Kingdom,Europe
United Kingdom,Europe
United Kingdom,Europe
United Kingdom,Europe
United Kingdom,Europe
United States,The Americas
United States,The Americas
United States,The Americas
United States,The Americas
United States,The Americas
United States,The Americas
Uruguay,The Americas
Uruguay,The Americas
Uruguay,The Americas
Uruguay,The Americas
Uruguay,The Americas
Uruguay,The Americas
Uzbekistan,Asia
Uzbekistan,Asia
Uzbekistan,Asia
Uzbekistan,Asia
Uzbekistan,Asia
Uzbekistan,Asia
Vanuatu,Oceania
Vanuatu,Oceania
Vanuatu,Oceania
Vanuatu,Oceania
Vanuatu,Oceania
Vanuatu,Oceania
"Venezuela, RB",The Americas
"Venezuela, RB",The Americas
"Venezuela, RB",The Americas
"Venezuela, RB",The Americas
"Venezuela, RB",The Americas
"Venezuela, RB",The Americas
Vietnam,Asia
Vietnam,Asia
Vietnam,Asia
Vietnam,Asia
Vietnam,Asia
Vietnam,Asia
Virgin Islands (U.S.),The Americas
Virgin Islands (U.S.),The Americas
Virgin Islands (U.S.),The Americas
Virgin Islands (U.S.),The Americas
Virgin Islands (U.S.),The Americas
Virgin Islands (U.S.),The Americas
"Yemen, Rep.",Middle East
"Yemen, Rep.",Middle East
"Yemen, Rep.",Middle East
"Yemen, Rep.",Middle East
"Yemen, Rep.",Middle East
"Yemen, Rep.",Middle East
Zambia,Africa
Zambia,Africa
Zambia,Africa
Zambia,Africa
Zambia,Africa
Zambia,Africa
Zimbabwe,Africa
Zimbabwe,Africa
Zimbabwe,Africa
Zimbabwe,Africa
Zimbabwe,Africa
Zimbabwe,Africa
